{"scope.version":"2","timeline.animationMode":"proMode","viewport.width":480,"viewport.height":640,"library.openDirectories":[],"library.GroupsPath":{},"library.downloadedAssets":{},"design.zoom":0.55,"timeline.loopPreview":true,"tool.text.optionsState":{"fontName":"Times New Roman","fontSize":"16px","fontWeight":"normal","fontStyle":"normal","alignLeft":false,"alignCenter":false,"alignRight":true,"alignJustify":false,"verticalAlignCenter":false,"foreColor":"rgba(7,6,6,1)","tagName":"span","orderedList":false,"unorderedList":false},"timeline.showOnlyAnimatedLayers":false}